user_id,time,date,event_name,platform,source
164,00:54:38,2024-01-29,swiped_left,iOS,Facebook
36,19:51:22,2024-01-27,app_opened,Web,Direct
9,03:24:40,2024-01-08,match_made,iOS,Referral
155,20:26:03,2024-01-07,match_made,Web,Referral
108,16:21:18,2024-02-26,swiped_left,iOS,Facebook
179,12:23:17,2024-04-18,swiped_left,iOS,Facebook
196,03:43:16,2024-03-27,app_opened,Android,Google
92,21:58:51,2024-03-29,swiped_left,iOS,Direct
138,13:46:55,2024-02-01,app_opened,Web,Instagram
161,13:10:00,2024-06-07,match_made,Web,Google
12,08:17:51,2024-06-18,swiped_left,iOS,Facebook
26,10:07:14,2024-04-07,swiped_right,Web,Instagram
42,12:56:06,2024-04-04,match_made,Web,Instagram
180,23:35:39,2024-06-23,app_opened,Web,Facebook
137,05:56:57,2024-03-03,swiped_right,Android,Instagram
164,20:16:40,2024-06-25,match_made,Web,Instagram
197,08:20:21,2024-01-15,app_opened,Android,Direct
69,07:40:53,2024-01-17,swiped_left,iOS,Direct
102,16:42:22,2024-06-13,match_made,Android,Facebook
64,19:37:24,2024-05-23,swiped_left,Web,Referral
110,14:32:30,2024-05-29,swiped_left,iOS,Facebook
131,03:18:35,2024-05-06,app_opened,iOS,Facebook
161,15:22:13,2024-02-10,app_opened,Android,Direct
153,19:15:52,2024-04-29,swiped_left,Web,Google
175,19:33:01,2024-01-30,swiped_left,Web,Instagram
29,15:49:45,2024-03-16,match_made,Android,Google
185,18:13:32,2024-03-08,match_made,Web,Google
161,23:15:48,2024-03-17,match_made,iOS,Instagram
196,19:38:17,2024-02-11,app_opened,Web,Instagram
126,04:04:22,2024-01-05,swiped_left,Android,Facebook
15,20:39:24,2024-03-02,app_opened,iOS,Direct
18,04:34:43,2024-05-16,match_made,Web,Direct
141,09:39:01,2024-02-12,swiped_right,iOS,Referral
194,07:19:25,2024-06-25,swiped_left,Android,Instagram
113,16:26:17,2024-05-12,app_opened,iOS,Facebook
17,00:45:57,2024-03-27,match_made,Web,Facebook
2,22:58:39,2024-01-19,app_opened,iOS,Google
9,02:34:47,2024-03-25,match_made,Android,Direct
55,04:49:02,2024-05-18,swiped_right,iOS,Direct
105,03:26:03,2024-02-18,app_opened,Web,Direct
91,14:58:03,2024-04-18,swiped_right,Web,Google
173,23:31:36,2024-06-16,app_opened,iOS,Direct
187,03:58:42,2024-03-27,match_made,iOS,Facebook
138,05:06:13,2024-04-24,swiped_right,iOS,Instagram
119,02:44:40,2024-03-04,swiped_right,Web,Google
13,19:40:55,2024-06-15,app_opened,iOS,Facebook
43,17:40:53,2024-04-14,swiped_right,iOS,Direct
16,13:47:52,2024-02-12,app_opened,Android,Instagram
117,15:24:04,2024-03-14,swiped_right,iOS,Facebook
76,02:07:45,2024-02-25,app_opened,Web,Instagram
15,21:16:09,2024-01-13,swiped_right,Web,Referral
41,18:29:22,2024-01-15,app_opened,iOS,Google
153,08:33:48,2024-01-18,swiped_right,iOS,Referral
64,21:38:44,2024-05-28,app_opened,Web,Google
108,21:15:03,2024-06-17,swiped_left,Android,Facebook
172,08:41:25,2024-03-21,swiped_left,Android,Facebook
172,10:55:21,2024-06-14,swiped_right,Android,Google
3,22:36:56,2024-04-27,app_opened,iOS,Referral
55,09:39:20,2024-05-09,match_made,Android,Google
63,10:22:33,2024-04-04,match_made,Android,Referral
181,22:16:13,2024-03-18,app_opened,Web,Referral
77,03:46:17,2024-06-18,match_made,Android,Google
28,05:39:34,2024-05-21,swiped_left,Android,Referral
54,07:24:45,2024-03-28,swiped_left,Web,Direct
65,03:21:37,2024-01-14,swiped_right,Android,Google
1,04:45:46,2024-03-26,swiped_left,iOS,Direct
142,15:34:17,2024-06-29,app_opened,iOS,Google
177,19:51:51,2024-02-08,app_opened,Android,Referral
142,15:38:53,2024-02-07,match_made,iOS,Instagram
94,13:01:38,2024-01-11,match_made,Web,Facebook
171,12:52:37,2024-01-27,swiped_right,Web,Facebook
61,06:26:46,2024-02-11,swiped_right,iOS,Facebook
189,14:59:24,2024-03-26,match_made,Android,Facebook
180,13:55:40,2024-01-28,app_opened,Android,Facebook
52,12:43:50,2024-04-27,swiped_left,iOS,Facebook
7,07:01:53,2024-06-17,swiped_right,Android,Instagram
18,12:47:05,2024-03-12,swiped_right,Web,Referral
85,04:11:58,2024-01-08,swiped_left,iOS,Referral
68,03:56:48,2024-01-10,swiped_right,Android,Instagram
112,18:37:13,2024-06-04,app_opened,Android,Referral
49,01:36:57,2024-03-06,swiped_right,iOS,Referral
138,07:10:25,2024-06-24,swiped_left,Android,Google
171,22:41:18,2024-03-25,swiped_left,Web,Google
185,18:27:49,2024-03-17,swiped_left,Web,Direct
84,10:45:52,2024-04-13,match_made,iOS,Direct
171,06:20:10,2024-04-07,swiped_left,Android,Referral
1,10:26:46,2024-03-18,match_made,Android,Referral
156,11:43:57,2024-06-16,swiped_right,Android,Direct
173,18:36:40,2024-02-24,swiped_right,Web,Facebook
169,10:19:56,2024-01-22,swiped_left,iOS,Facebook
173,08:10:44,2024-03-20,match_made,iOS,Google
12,17:17:57,2024-03-03,app_opened,Android,Direct
162,07:04:45,2024-05-27,swiped_right,Android,Direct
63,23:53:10,2024-02-07,app_opened,iOS,Direct
57,18:51:29,2024-02-15,swiped_right,iOS,Referral
64,16:37:09,2024-02-01,match_made,Android,Referral
144,11:33:08,2024-06-01,swiped_right,Web,Referral
110,16:14:06,2024-05-20,match_made,Web,Direct
116,09:00:06,2024-03-07,swiped_left,Web,Direct
161,09:59:52,2024-03-02,swiped_right,iOS,Instagram
61,12:13:40,2024-03-10,swiped_left,Web,Google
36,08:25:11,2024-02-08,swiped_right,Web,Facebook
181,02:20:18,2024-02-24,swiped_right,Android,Instagram
139,15:08:16,2024-04-29,app_opened,iOS,Direct
100,00:42:40,2024-05-29,swiped_right,Android,Google
91,14:11:56,2024-03-17,swiped_right,Web,Referral
155,17:46:33,2024-02-26,match_made,Android,Direct
125,14:09:28,2024-01-08,swiped_left,Web,Direct
186,17:01:01,2024-02-12,match_made,Web,Referral
7,21:33:00,2024-04-10,app_opened,iOS,Direct
35,06:36:59,2024-04-28,app_opened,Android,Direct
84,16:33:18,2024-02-24,swiped_left,Android,Direct
72,09:11:05,2024-04-17,app_opened,Android,Google
192,01:53:46,2024-05-18,swiped_left,iOS,Google
200,01:27:56,2024-06-15,app_opened,iOS,Facebook
6,05:32:53,2024-06-08,match_made,iOS,Direct
172,20:32:00,2024-01-30,match_made,Android,Instagram
197,06:06:32,2024-04-04,app_opened,iOS,Instagram
28,00:56:05,2024-05-28,swiped_left,Web,Direct
102,02:46:01,2024-02-20,match_made,iOS,Instagram
176,04:24:26,2024-06-02,app_opened,Android,Referral
110,13:29:31,2024-06-18,app_opened,Web,Instagram
4,17:50:51,2024-04-17,app_opened,Android,Instagram
163,05:34:12,2024-04-27,swiped_right,iOS,Referral
167,22:25:28,2024-03-10,swiped_right,Android,Direct
188,09:46:19,2024-05-31,swiped_left,iOS,Google
72,08:52:43,2024-04-25,swiped_right,Web,Referral
172,12:14:52,2024-04-07,app_opened,Android,Instagram
47,07:43:22,2024-05-04,swiped_left,Android,Instagram
72,10:03:31,2024-06-01,app_opened,Web,Facebook
22,14:47:51,2024-03-02,swiped_right,Web,Facebook
177,23:30:59,2024-05-01,swiped_right,Android,Google
24,08:04:05,2024-03-16,swiped_right,Web,Facebook
79,21:10:25,2024-06-18,swiped_left,Android,Referral
136,15:29:31,2024-03-29,swiped_left,Android,Direct
70,09:09:11,2024-03-19,match_made,iOS,Facebook
81,19:30:36,2024-01-31,match_made,iOS,Facebook
190,10:04:01,2024-05-03,swiped_left,iOS,Facebook
76,13:08:21,2024-02-28,match_made,Android,Google
182,04:36:31,2024-05-16,swiped_left,iOS,Google
142,04:35:51,2024-03-15,swiped_right,iOS,Google
147,17:05:24,2024-03-13,swiped_right,Android,Instagram
48,09:11:32,2024-01-14,swiped_right,iOS,Google
103,02:41:50,2024-05-05,app_opened,iOS,Facebook
145,03:06:04,2024-03-18,match_made,iOS,Referral
196,22:04:31,2024-04-16,match_made,Web,Direct
116,10:49:34,2024-04-23,swiped_right,Android,Referral
159,22:11:45,2024-01-16,app_opened,iOS,Facebook
68,02:57:21,2024-06-18,match_made,iOS,Facebook
142,05:41:57,2024-01-20,app_opened,Android,Direct
177,17:06:32,2024-06-01,swiped_left,iOS,Facebook
74,10:17:36,2024-06-29,swiped_right,iOS,Facebook
68,21:28:24,2024-06-09,match_made,Android,Google
140,23:34:46,2024-02-27,match_made,Android,Facebook
19,06:02:27,2024-01-16,swiped_left,Web,Referral
74,04:31:39,2024-04-22,swiped_right,Web,Instagram
180,09:54:43,2024-04-13,swiped_right,Android,Google
154,15:43:46,2024-01-11,swiped_left,Web,Instagram
7,08:20:05,2024-01-24,app_opened,Web,Instagram
148,06:22:42,2024-01-11,swiped_right,Web,Direct
72,21:18:40,2024-02-16,swiped_right,Web,Direct
24,12:40:07,2024-04-30,swiped_right,Android,Instagram
172,05:51:19,2024-01-27,swiped_left,Android,Direct
74,14:34:48,2024-06-18,app_opened,Android,Google
81,11:46:12,2024-03-05,app_opened,Android,Referral
1,19:45:18,2024-06-17,swiped_right,Android,Google
49,13:10:19,2024-05-12,swiped_right,Web,Direct
195,07:24:40,2024-01-14,swiped_left,Web,Facebook
74,17:38:52,2024-04-22,app_opened,iOS,Referral
62,11:18:50,2024-02-10,app_opened,Web,Direct
24,04:07:51,2024-02-27,swiped_right,iOS,Facebook
128,18:31:38,2024-03-15,swiped_left,Android,Direct
121,16:37:51,2024-03-03,match_made,Android,Facebook
154,04:58:12,2024-05-10,app_opened,Android,Direct
88,09:43:38,2024-05-09,app_opened,Android,Instagram
151,17:49:38,2024-05-28,match_made,Android,Referral
124,12:06:13,2024-03-29,swiped_right,Android,Instagram
49,08:41:40,2024-06-27,swiped_right,iOS,Direct
12,17:13:13,2024-03-22,swiped_right,Android,Facebook
127,04:35:47,2024-01-10,swiped_left,iOS,Direct
26,16:38:10,2024-05-14,app_opened,Web,Facebook
105,05:37:12,2024-06-16,app_opened,Android,Instagram
87,14:28:18,2024-06-08,app_opened,Android,Referral
98,22:49:15,2024-03-22,swiped_right,Web,Google
159,08:32:51,2024-01-18,swiped_left,iOS,Google
112,23:04:26,2024-01-26,app_opened,Android,Facebook
178,01:03:14,2024-03-17,app_opened,Android,Google
76,13:38:51,2024-04-01,swiped_right,iOS,Facebook
136,20:36:17,2024-04-15,match_made,iOS,Facebook
21,13:55:40,2024-06-05,match_made,Android,Referral
37,16:47:23,2024-02-29,swiped_left,Android,Instagram
171,16:56:21,2024-01-03,swiped_left,Web,Referral
41,16:04:58,2024-01-19,swiped_left,Web,Instagram
164,09:06:20,2024-04-18,swiped_right,Android,Facebook
99,03:52:59,2024-05-03,match_made,Android,Referral
92,10:46:20,2024-05-27,swiped_left,iOS,Direct
71,20:36:17,2024-01-03,app_opened,Web,Direct
74,22:06:09,2024-02-28,swiped_left,iOS,Facebook
159,00:00:00,2024-03-06,match_made,Web,Google
161,01:26:07,2024-06-14,swiped_left,Android,Google
149,04:47:04,2024-04-03,app_opened,Android,Instagram
192,06:23:41,2024-04-16,match_made,iOS,Referral
94,18:16:11,2024-05-15,swiped_left,iOS,Instagram
124,12:19:56,2024-03-16,app_opened,Android,Google
37,14:28:09,2024-02-27,swiped_left,iOS,Direct
4,19:32:09,2024-03-08,app_opened,Android,Instagram
173,09:32:42,2024-06-21,swiped_right,Web,Instagram
28,08:30:47,2024-06-21,swiped_right,iOS,Referral
144,22:12:44,2024-03-24,match_made,Web,Google
163,11:00:08,2024-04-28,swiped_right,iOS,Facebook
12,11:04:53,2024-01-10,swiped_right,iOS,Google
61,04:56:21,2024-05-17,swiped_right,Android,Instagram
172,19:40:04,2024-06-27,swiped_right,Web,Facebook
107,03:36:18,2024-06-16,swiped_right,Web,Direct
72,13:29:26,2024-01-09,match_made,Android,Direct
61,03:37:02,2024-04-02,swiped_left,Web,Instagram
16,10:02:40,2024-04-11,match_made,iOS,Direct
24,07:43:21,2024-06-18,app_opened,iOS,Instagram
63,20:33:20,2024-02-02,match_made,iOS,Referral
54,07:51:45,2024-05-30,match_made,Android,Facebook
153,10:05:42,2024-01-01,match_made,iOS,Referral
65,04:00:08,2024-02-14,app_opened,iOS,Google
92,21:26:22,2024-03-01,swiped_left,iOS,Facebook
68,04:36:54,2024-01-14,swiped_right,Web,Google
191,17:20:22,2024-01-17,swiped_right,Android,Referral
152,16:27:25,2024-01-28,match_made,Web,Google
187,18:59:07,2024-06-17,swiped_left,Android,Google
16,14:37:20,2024-05-02,swiped_right,Web,Google
126,02:40:32,2024-04-23,app_opened,Android,Referral
38,04:35:40,2024-01-17,swiped_left,Web,Referral
141,13:52:05,2024-03-24,swiped_left,Android,Referral
155,03:36:39,2024-04-20,app_opened,Web,Referral
185,15:39:30,2024-02-25,swiped_right,iOS,Direct
87,14:31:02,2024-04-26,swiped_right,Web,Google
81,11:22:43,2024-04-19,swiped_left,Android,Facebook
176,02:26:39,2024-05-01,app_opened,iOS,Google
111,13:34:03,2024-01-25,match_made,Web,Google
151,20:27:00,2024-05-23,swiped_left,Web,Google
106,15:23:55,2024-03-31,app_opened,Android,Referral
80,03:46:19,2024-03-31,match_made,iOS,Direct
58,12:44:50,2024-01-28,swiped_left,iOS,Instagram
147,15:37:24,2024-02-27,app_opened,Web,Instagram
8,09:56:58,2024-02-16,swiped_left,Android,Instagram
2,05:12:56,2024-02-16,swiped_right,iOS,Facebook
190,01:06:58,2024-06-11,app_opened,Web,Referral
56,15:17:08,2024-04-06,swiped_right,Android,Facebook
95,11:48:37,2024-03-20,app_opened,iOS,Facebook
41,01:48:42,2024-06-07,app_opened,Android,Direct
170,17:40:56,2024-04-18,swiped_right,Android,Instagram
56,04:08:38,2024-05-11,swiped_left,Android,Google
73,21:35:43,2024-06-22,swiped_right,Web,Instagram
12,14:23:27,2024-02-26,app_opened,iOS,Facebook
78,04:59:47,2024-02-24,swiped_left,Android,Instagram
31,18:06:33,2024-01-02,swiped_right,iOS,Facebook
98,08:22:41,2024-05-16,swiped_left,iOS,Direct
190,15:52:56,2024-01-11,app_opened,Android,Google
81,15:37:47,2024-05-27,swiped_right,Web,Direct
75,14:44:48,2024-01-30,app_opened,Android,Facebook
159,13:10:28,2024-04-27,app_opened,Android,Google
63,21:26:24,2024-04-21,swiped_right,Web,Google
102,12:21:40,2024-03-20,match_made,Android,Facebook
20,23:03:18,2024-05-10,app_opened,Web,Referral
50,12:46:59,2024-03-30,match_made,iOS,Google
38,07:10:56,2024-03-06,match_made,Web,Facebook
195,02:44:36,2024-06-16,match_made,Web,Direct
119,21:05:52,2024-05-24,swiped_right,Web,Referral
165,22:44:17,2024-06-11,swiped_left,Web,Instagram
39,02:29:10,2024-04-22,swiped_right,Android,Instagram
71,02:02:42,2024-05-31,swiped_left,Web,Google
80,16:27:13,2024-04-28,app_opened,iOS,Instagram
74,23:28:17,2024-01-20,app_opened,Web,Referral
130,16:50:48,2024-04-08,app_opened,Android,Referral
167,11:42:23,2024-02-18,swiped_right,Web,Facebook
16,03:46:06,2024-04-25,swiped_left,Web,Google
130,06:16:57,2024-06-14,app_opened,iOS,Direct
113,19:01:57,2024-05-14,match_made,Android,Instagram
73,14:52:58,2024-04-09,swiped_left,Web,Referral
14,23:34:03,2024-06-10,swiped_left,iOS,Instagram
25,14:04:27,2024-05-22,swiped_left,Android,Referral
39,02:58:02,2024-03-26,match_made,Android,Instagram
168,14:16:14,2024-06-27,match_made,Web,Google
80,13:42:52,2024-05-23,swiped_left,iOS,Referral
24,15:24:56,2024-06-14,swiped_left,iOS,Instagram
80,07:47:54,2024-02-16,swiped_left,Android,Facebook
58,05:38:28,2024-02-05,app_opened,Android,Google
130,19:10:13,2024-05-18,app_opened,Web,Instagram
197,04:46:16,2024-06-07,swiped_right,iOS,Facebook
47,22:44:45,2024-06-26,match_made,Web,Direct
12,13:15:49,2024-04-15,match_made,Android,Referral
73,08:31:11,2024-04-24,match_made,Android,Direct
50,20:46:06,2024-04-04,swiped_right,Android,Instagram
200,18:18:36,2024-04-07,swiped_right,iOS,Facebook
155,09:06:08,2024-02-05,app_opened,Web,Direct
96,03:44:06,2024-05-21,app_opened,Android,Google
196,09:55:55,2024-02-11,swiped_right,Web,Facebook
112,08:05:02,2024-01-24,swiped_right,Android,Google
107,14:26:04,2024-01-14,swiped_left,iOS,Direct
21,08:10:30,2024-04-05,app_opened,Android,Google
183,12:12:27,2024-06-15,match_made,iOS,Google
74,05:03:11,2024-04-30,swiped_right,Android,Referral
2,00:41:30,2024-01-21,swiped_left,iOS,Facebook
141,19:12:56,2024-06-04,swiped_right,iOS,Instagram
61,04:26:10,2024-03-18,app_opened,iOS,Direct
164,16:38:34,2024-06-08,app_opened,iOS,Direct
153,00:35:54,2024-05-17,match_made,Web,Facebook
75,00:03:25,2024-04-19,swiped_left,iOS,Referral
107,03:07:01,2024-02-17,swiped_left,iOS,Referral
140,18:28:55,2024-05-09,app_opened,Android,Direct
12,14:05:09,2024-06-11,swiped_left,Android,Google
92,12:33:13,2024-01-18,match_made,Web,Google
198,12:06:23,2024-05-28,match_made,iOS,Instagram
140,23:24:12,2024-03-27,match_made,Web,Direct
179,23:00:02,2024-05-02,match_made,iOS,Google
184,01:20:47,2024-04-27,swiped_left,iOS,Google
52,11:29:25,2024-01-11,swiped_left,Web,Direct
140,09:13:22,2024-05-01,app_opened,Web,Facebook
74,01:44:25,2024-04-01,swiped_left,Android,Google
95,14:33:51,2024-04-21,swiped_right,Android,Instagram
48,18:06:51,2024-05-07,swiped_left,Web,Instagram
22,02:52:25,2024-04-18,swiped_right,Web,Facebook
140,11:41:41,2024-03-16,app_opened,iOS,Instagram
170,11:09:33,2024-03-16,swiped_right,Web,Direct
43,16:09:43,2024-06-25,swiped_left,Android,Google
187,22:23:09,2024-03-31,swiped_right,Android,Google
20,23:12:40,2024-06-20,swiped_right,Android,Referral
192,05:49:29,2024-06-22,app_opened,iOS,Referral
174,01:16:01,2024-04-22,match_made,iOS,Facebook
200,13:20:15,2024-06-14,swiped_left,Android,Referral
9,05:35:11,2024-06-03,swiped_right,Android,Instagram
114,20:53:45,2024-01-20,match_made,Web,Instagram
102,23:38:59,2024-03-21,swiped_left,iOS,Google
7,18:10:10,2024-02-17,swiped_right,Web,Google
68,16:14:53,2024-03-07,match_made,Web,Instagram
178,07:17:17,2024-05-05,app_opened,iOS,Google
116,16:12:21,2024-02-14,app_opened,Web,Instagram
171,02:21:51,2024-03-29,swiped_left,Android,Facebook
183,23:13:04,2024-06-28,match_made,Android,Referral
58,07:19:02,2024-02-01,match_made,iOS,Direct
7,20:10:16,2024-04-02,swiped_left,Android,Referral
34,03:08:20,2024-06-05,app_opened,Android,Direct
184,19:08:23,2024-05-02,swiped_right,Android,Referral
19,11:32:33,2024-02-02,app_opened,Android,Direct
175,12:32:36,2024-05-12,match_made,Web,Referral
47,15:45:04,2024-02-03,app_opened,iOS,Referral
40,05:59:41,2024-03-18,match_made,Android,Facebook
89,10:20:30,2024-05-12,app_opened,Android,Facebook
163,09:59:32,2024-05-21,match_made,Web,Instagram
158,03:24:05,2024-05-16,match_made,Web,Referral
40,23:59:01,2024-02-13,swiped_left,Web,Google
8,01:39:18,2024-01-21,swiped_left,Web,Facebook
197,15:10:02,2024-05-26,app_opened,Android,Referral
75,10:59:56,2024-06-13,swiped_right,iOS,Direct
77,02:39:24,2024-04-26,app_opened,iOS,Direct
107,16:54:35,2024-05-03,match_made,Android,Referral
37,11:37:33,2024-03-21,swiped_left,Android,Facebook
195,18:44:59,2024-04-04,app_opened,Android,Facebook
120,09:44:18,2024-02-01,swiped_right,iOS,Facebook
25,10:33:58,2024-01-13,swiped_right,Web,Direct
64,11:55:17,2024-02-10,swiped_left,iOS,Facebook
128,16:59:46,2024-05-11,swiped_right,Android,Direct
6,14:19:03,2024-01-24,swiped_right,iOS,Facebook
150,01:46:17,2024-03-31,app_opened,Android,Direct
153,17:08:00,2024-06-16,swiped_left,Web,Google
28,04:52:35,2024-04-20,swiped_left,Web,Instagram
196,13:19:24,2024-04-13,app_opened,Android,Google
146,07:05:13,2024-05-23,swiped_left,Web,Instagram
19,18:21:33,2024-04-08,swiped_right,Web,Instagram
160,22:14:50,2024-06-23,app_opened,iOS,Google
101,12:20:44,2024-04-05,swiped_left,iOS,Facebook
155,14:36:50,2024-05-10,app_opened,iOS,Google
36,17:14:54,2024-03-26,swiped_right,iOS,Referral
132,11:56:27,2024-02-05,swiped_left,iOS,Direct
158,21:37:00,2024-03-17,swiped_left,Web,Referral
137,20:29:43,2024-05-05,swiped_left,Android,Google
95,03:59:26,2024-03-25,swiped_right,Web,Instagram
186,22:54:38,2024-06-25,app_opened,Web,Direct
68,21:03:41,2024-06-16,match_made,Web,Google
150,06:12:29,2024-05-02,swiped_right,iOS,Facebook
9,04:00:04,2024-05-26,match_made,iOS,Direct
81,05:30:48,2024-04-17,swiped_right,Web,Facebook
106,22:15:47,2024-05-08,swiped_right,Web,Google
181,18:53:04,2024-02-05,match_made,Web,Instagram
170,19:07:55,2024-05-02,swiped_right,Android,Facebook
118,12:27:49,2024-05-16,swiped_left,Web,Instagram
157,07:00:00,2024-05-03,match_made,Android,Referral
77,10:50:08,2024-02-27,swiped_left,Web,Facebook
177,17:48:14,2024-06-29,swiped_left,Android,Instagram
144,10:28:41,2024-03-11,app_opened,Web,Referral
98,12:33:57,2024-04-11,match_made,Android,Google
74,12:36:38,2024-01-21,swiped_right,Web,Instagram
192,07:47:27,2024-05-02,match_made,Web,Instagram
144,09:53:21,2024-06-27,match_made,iOS,Referral
190,08:42:43,2024-05-30,match_made,iOS,Referral
58,08:28:38,2024-06-12,app_opened,iOS,Direct
85,03:39:38,2024-04-30,match_made,iOS,Referral
41,23:46:15,2024-04-14,swiped_right,Android,Facebook
194,11:41:36,2024-03-14,swiped_left,Web,Google
197,23:44:58,2024-01-23,match_made,Web,Google
45,06:24:00,2024-04-16,app_opened,Android,Direct
48,01:21:50,2024-03-15,app_opened,Android,Referral
155,12:11:54,2024-01-28,swiped_left,Android,Referral
135,04:53:09,2024-05-06,swiped_right,Android,Facebook
29,05:54:58,2024-03-25,swiped_right,Web,Instagram
184,00:30:46,2024-02-17,swiped_left,Android,Referral
173,06:23:22,2024-02-19,swiped_right,Android,Referral
84,14:35:38,2024-01-23,app_opened,iOS,Facebook
123,09:01:52,2024-03-23,app_opened,Android,Direct
61,09:43:15,2024-04-24,swiped_left,Android,Referral
186,00:24:58,2024-05-26,swiped_left,Web,Instagram
178,02:15:42,2024-03-01,app_opened,Android,Instagram
41,18:17:46,2024-04-13,swiped_left,Web,Google
164,13:22:54,2024-03-16,match_made,iOS,Facebook
123,16:33:54,2024-02-09,swiped_left,Android,Referral
121,07:57:07,2024-05-17,match_made,Web,Referral
21,16:15:56,2024-05-14,swiped_left,iOS,Referral
29,19:56:21,2024-01-16,match_made,Web,Referral
39,11:56:47,2024-02-12,swiped_right,iOS,Facebook
184,17:47:51,2024-05-29,app_opened,Web,Direct
15,04:48:14,2024-04-26,swiped_right,Android,Referral
15,16:50:04,2024-05-23,swiped_left,Web,Google
102,00:06:35,2024-03-06,match_made,Web,Google
12,12:32:38,2024-04-18,app_opened,Web,Google
18,01:09:19,2024-04-30,swiped_left,Android,Facebook
197,23:21:25,2024-02-04,swiped_right,Android,Direct
115,13:40:36,2024-04-06,app_opened,Web,Referral
35,12:39:42,2024-06-16,app_opened,iOS,Referral
101,04:38:11,2024-05-15,match_made,iOS,Google
77,19:49:21,2024-04-28,swiped_right,Web,Direct
59,16:46:15,2024-03-04,swiped_left,iOS,Instagram
49,01:10:22,2024-01-29,swiped_right,Web,Google
62,02:26:59,2024-02-22,app_opened,Web,Google
115,01:46:20,2024-06-02,match_made,Web,Google
103,08:31:55,2024-04-22,match_made,iOS,Facebook
129,08:31:32,2024-03-15,swiped_left,Web,Referral
198,11:40:30,2024-06-21,match_made,Android,Facebook
170,08:02:52,2024-05-13,swiped_right,Android,Instagram
16,21:32:30,2024-05-22,match_made,Web,Direct
143,01:42:25,2024-05-06,swiped_left,Web,Direct
135,15:09:28,2024-03-22,swiped_right,iOS,Instagram
97,19:35:07,2024-02-17,swiped_right,iOS,Facebook
77,16:51:29,2024-02-06,app_opened,Web,Direct
107,19:17:47,2024-05-22,match_made,Android,Facebook
66,12:01:28,2024-02-22,app_opened,Android,Instagram
24,06:56:06,2024-05-17,app_opened,Android,Direct
173,21:57:06,2024-06-03,app_opened,iOS,Facebook
195,20:20:49,2024-05-30,match_made,Android,Facebook
86,00:33:29,2024-03-18,match_made,iOS,Google
192,08:49:57,2024-05-02,match_made,Android,Facebook
142,10:18:21,2024-03-23,swiped_right,Android,Referral
167,11:13:45,2024-04-01,swiped_left,Android,Referral
128,03:35:24,2024-04-29,swiped_right,Android,Facebook
95,15:04:14,2024-03-21,app_opened,Web,Facebook
190,00:35:25,2024-02-07,swiped_left,Web,Referral
149,10:44:51,2024-04-16,match_made,iOS,Instagram
59,20:44:43,2024-04-07,match_made,Android,Referral
168,12:17:25,2024-06-24,swiped_left,Android,Direct
118,12:49:20,2024-02-13,match_made,iOS,Referral
126,19:44:18,2024-02-17,app_opened,Web,Google
20,01:45:58,2024-06-20,app_opened,Android,Facebook
162,02:28:28,2024-02-29,match_made,iOS,Facebook
130,13:35:16,2024-04-26,app_opened,Web,Referral
124,17:45:44,2024-06-17,app_opened,iOS,Referral
142,00:25:53,2024-04-15,app_opened,Web,Instagram
138,00:37:26,2024-03-14,swiped_right,iOS,Google
25,05:25:16,2024-05-14,match_made,iOS,Referral
135,12:54:17,2024-03-05,swiped_left,Android,Google
96,16:42:41,2024-04-13,match_made,Web,Facebook
77,02:56:06,2024-06-24,app_opened,iOS,Direct
98,20:07:23,2024-04-06,swiped_right,iOS,Google
180,03:00:37,2024-02-13,swiped_right,Android,Instagram
145,19:13:46,2024-01-25,app_opened,iOS,Facebook
178,17:18:44,2024-05-25,swiped_left,iOS,Google
176,19:46:16,2024-03-12,app_opened,iOS,Instagram
5,21:22:23,2024-02-23,match_made,Web,Direct
20,05:54:52,2024-03-17,match_made,Web,Direct
174,12:04:40,2024-05-18,swiped_right,Web,Facebook
177,18:13:59,2024-01-21,swiped_left,iOS,Google
112,02:46:03,2024-02-29,swiped_left,Web,Referral
153,11:52:58,2024-04-11,app_opened,Web,Instagram
116,08:18:22,2024-05-05,swiped_left,Web,Direct
111,21:19:51,2024-02-17,swiped_right,iOS,Referral
76,02:40:34,2024-03-04,app_opened,Android,Facebook
98,05:37:01,2024-06-11,swiped_right,Android,Instagram
28,00:11:20,2024-01-24,swiped_left,Android,Instagram
195,03:43:19,2024-03-10,match_made,iOS,Facebook
111,20:16:45,2024-04-24,swiped_right,iOS,Google
23,20:10:42,2024-03-31,app_opened,Web,Referral
84,00:26:57,2024-04-08,swiped_left,Android,Direct
200,20:22:19,2024-01-22,match_made,Web,Referral
44,13:51:43,2024-06-24,match_made,iOS,Instagram
78,17:57:14,2024-03-09,match_made,iOS,Facebook
112,15:19:54,2024-03-11,swiped_left,Android,Google
93,08:58:41,2024-03-05,swiped_right,Web,Referral
51,03:53:41,2024-04-27,match_made,Android,Google
102,22:34:49,2024-03-26,swiped_right,Android,Direct
86,23:42:12,2024-04-20,match_made,Android,Instagram
155,07:18:46,2024-06-26,swiped_right,Android,Facebook
102,10:36:40,2024-03-22,swiped_right,Web,Facebook
84,10:12:19,2024-04-06,swiped_right,Android,Google
145,21:33:44,2024-02-21,match_made,Web,Referral
7,07:37:59,2024-04-28,swiped_right,Android,Google
105,18:10:44,2024-06-21,match_made,Web,Instagram
62,23:58:52,2024-03-05,match_made,Web,Direct
97,16:21:00,2024-01-19,swiped_right,Web,Direct
137,15:13:47,2024-05-09,app_opened,Android,Referral
153,03:05:38,2024-06-12,app_opened,iOS,Instagram
43,22:18:24,2024-06-14,app_opened,Web,Direct
193,15:40:20,2024-03-25,app_opened,iOS,Google
67,18:35:35,2024-02-26,match_made,Android,Instagram
101,21:25:47,2024-04-28,match_made,Android,Google
124,10:45:22,2024-01-27,swiped_right,iOS,Google
187,12:40:56,2024-02-06,swiped_left,Android,Direct
53,17:34:58,2024-05-13,swiped_left,Android,Google
113,16:28:23,2024-06-27,swiped_left,iOS,Instagram
12,00:49:20,2024-01-30,swiped_left,Web,Google
174,08:52:50,2024-02-12,match_made,Web,Facebook
85,15:31:25,2024-05-23,swiped_right,iOS,Direct
162,06:47:10,2024-02-17,swiped_right,Android,Google
189,07:11:03,2024-06-06,swiped_right,Web,Direct
100,07:49:13,2024-01-02,match_made,Android,Google
148,19:32:51,2024-01-27,match_made,Android,Instagram
51,04:08:56,2024-04-27,swiped_left,Web,Direct
136,11:24:38,2024-06-12,swiped_right,Web,Direct
151,12:40:03,2024-01-30,swiped_left,Android,Referral
45,10:49:46,2024-06-21,app_opened,Web,Facebook
81,08:41:10,2024-01-31,swiped_left,iOS,Facebook
96,05:08:48,2024-06-26,swiped_right,Android,Referral
36,13:58:13,2024-05-27,swiped_right,iOS,Direct
163,23:29:35,2024-05-17,match_made,Web,Facebook
126,05:06:28,2024-03-14,match_made,Android,Direct
159,13:04:19,2024-01-14,app_opened,Android,Facebook
50,20:26:47,2024-04-08,swiped_right,Android,Direct
107,17:47:34,2024-04-23,match_made,iOS,Referral
8,10:38:04,2024-02-26,app_opened,Android,Facebook
138,06:07:27,2024-03-14,swiped_right,Web,Direct
141,04:07:18,2024-05-10,app_opened,Android,Referral
94,01:30:53,2024-05-18,swiped_right,Web,Facebook
109,23:47:58,2024-01-27,match_made,Android,Google
116,12:41:28,2024-03-08,app_opened,Android,Google
199,07:38:29,2024-03-01,swiped_left,Web,Referral
162,06:02:35,2024-04-19,match_made,iOS,Facebook
16,12:46:22,2024-05-25,swiped_left,Web,Referral
44,10:39:16,2024-03-23,swiped_left,Web,Instagram
132,03:28:01,2024-06-22,match_made,Android,Google
71,04:37:11,2024-06-16,match_made,iOS,Facebook
183,09:00:47,2024-03-23,swiped_right,Android,Facebook
148,09:47:01,2024-06-10,swiped_right,Android,Direct
20,03:23:22,2024-06-11,swiped_right,Web,Instagram
178,16:33:17,2024-04-04,swiped_right,Android,Referral
1,16:41:29,2024-01-24,swiped_left,iOS,Referral
102,15:38:34,2024-02-25,match_made,Android,Instagram
83,12:17:50,2024-03-13,match_made,Web,Direct
88,01:45:45,2024-06-23,app_opened,iOS,Direct
5,05:45:07,2024-02-01,swiped_right,Android,Google
110,04:48:10,2024-02-21,swiped_left,iOS,Instagram
24,13:07:22,2024-06-16,swiped_left,iOS,Instagram
171,06:01:35,2024-06-15,app_opened,Android,Instagram
186,08:31:29,2024-06-28,swiped_right,Web,Google
181,00:02:22,2024-01-25,match_made,Android,Google
34,08:14:07,2024-05-31,swiped_right,iOS,Google
179,04:23:26,2024-03-28,swiped_right,Web,Facebook
123,08:20:08,2024-01-19,swiped_right,iOS,Google
27,13:22:57,2024-03-21,swiped_left,iOS,Direct
199,23:21:32,2024-02-04,match_made,iOS,Referral
145,22:13:15,2024-01-03,match_made,Android,Instagram
185,22:52:03,2024-02-24,match_made,Android,Referral
176,07:54:34,2024-04-23,app_opened,iOS,Facebook
193,21:27:56,2024-02-01,swiped_right,Android,Direct
81,09:01:17,2024-02-05,swiped_left,Web,Google
64,21:52:54,2024-05-21,swiped_left,Web,Google
169,07:28:48,2024-03-18,match_made,Web,Direct
76,01:59:12,2024-06-14,match_made,Android,Direct
29,18:11:21,2024-03-02,app_opened,Web,Google
93,04:48:19,2024-03-22,swiped_right,Web,Direct
94,06:17:25,2024-05-19,swiped_right,iOS,Google
151,00:30:07,2024-01-18,swiped_left,iOS,Google
16,18:26:42,2024-04-11,swiped_left,Web,Referral
197,15:25:18,2024-04-16,swiped_right,iOS,Referral
138,05:33:32,2024-06-06,swiped_left,iOS,Instagram
21,07:23:53,2024-05-10,match_made,Web,Instagram
101,23:05:38,2024-05-30,app_opened,Android,Direct
187,02:06:29,2024-03-02,match_made,iOS,Direct
30,22:17:34,2024-04-26,app_opened,Android,Facebook
31,04:59:44,2024-01-04,app_opened,iOS,Direct
89,18:49:53,2024-05-13,swiped_left,iOS,Instagram
33,04:17:53,2024-03-09,app_opened,Android,Direct
70,02:19:31,2024-05-14,swiped_left,Web,Referral
161,18:03:51,2024-01-20,swiped_right,Web,Instagram
15,20:38:22,2024-05-07,match_made,Android,Facebook
66,20:53:43,2024-01-27,app_opened,iOS,Referral
1,00:26:50,2024-01-12,match_made,iOS,Direct
94,05:27:51,2024-04-08,match_made,iOS,Referral
183,15:16:07,2024-06-16,match_made,Android,Facebook
107,09:52:34,2024-03-22,app_opened,Web,Instagram
31,01:55:03,2024-05-08,match_made,iOS,Referral
12,02:30:34,2024-04-12,swiped_right,Android,Instagram
84,20:08:14,2024-01-23,swiped_right,iOS,Instagram
52,20:31:39,2024-03-15,swiped_left,Web,Referral
63,13:24:30,2024-04-28,swiped_right,iOS,Referral
195,05:28:55,2024-03-03,app_opened,Android,Google
60,12:36:46,2024-05-18,app_opened,Android,Google
195,13:41:59,2024-06-17,swiped_left,iOS,Facebook
136,15:17:06,2024-03-01,swiped_right,iOS,Facebook
183,03:23:13,2024-03-12,app_opened,iOS,Referral
106,13:33:43,2024-06-28,swiped_right,Web,Google
149,18:24:07,2024-01-25,match_made,Web,Direct
20,20:40:25,2024-05-31,app_opened,Android,Facebook
61,09:30:08,2024-03-15,swiped_left,Android,Instagram
82,09:54:05,2024-04-25,match_made,iOS,Facebook
35,03:58:03,2024-05-29,match_made,iOS,Facebook
116,11:26:00,2024-04-29,swiped_right,iOS,Referral
92,16:27:13,2024-02-23,swiped_left,Android,Instagram
31,05:44:18,2024-01-24,swiped_left,Web,Referral
11,11:56:04,2024-02-25,match_made,iOS,Facebook
92,18:41:40,2024-04-11,app_opened,Web,Instagram
67,01:07:53,2024-02-14,swiped_right,Android,Referral
192,09:05:48,2024-05-20,app_opened,Android,Google
36,00:26:07,2024-02-01,app_opened,iOS,Facebook
51,13:33:10,2024-04-12,app_opened,Web,Referral
67,00:47:37,2024-01-20,app_opened,iOS,Direct
33,12:04:16,2024-01-24,app_opened,iOS,Direct
13,20:53:40,2024-02-13,swiped_right,Web,Direct
128,13:56:05,2024-01-08,swiped_right,iOS,Instagram
55,10:00:42,2024-02-17,swiped_left,Android,Facebook
9,22:32:36,2024-06-06,match_made,Web,Instagram
128,20:02:59,2024-04-15,swiped_right,iOS,Google
72,04:59:47,2024-04-08,swiped_right,iOS,Referral
64,19:47:38,2024-06-10,app_opened,Android,Instagram
123,17:38:47,2024-05-19,swiped_left,Web,Referral
83,09:50:46,2024-04-09,match_made,iOS,Instagram
153,01:04:00,2024-02-26,swiped_left,iOS,Direct
136,21:15:44,2024-04-01,match_made,iOS,Google
64,08:46:48,2024-06-17,swiped_left,Web,Google
196,20:57:37,2024-02-26,swiped_right,Android,Facebook
46,21:34:22,2024-03-01,swiped_left,Web,Instagram
152,12:48:15,2024-01-08,match_made,Web,Facebook
127,11:15:08,2024-05-18,match_made,Android,Google
24,08:28:10,2024-01-15,match_made,iOS,Referral
123,12:04:41,2024-01-01,match_made,iOS,Instagram
184,11:46:53,2024-02-15,app_opened,iOS,Facebook
151,05:09:26,2024-06-29,app_opened,Web,Instagram
19,14:24:11,2024-04-05,app_opened,Android,Instagram
83,05:44:04,2024-02-04,swiped_right,Web,Direct
167,06:20:33,2024-03-22,swiped_left,iOS,Referral
45,11:10:15,2024-04-06,swiped_left,iOS,Facebook
187,20:51:22,2024-01-01,swiped_right,Web,Google
47,11:35:09,2024-06-03,match_made,Web,Referral
27,05:07:14,2024-05-07,swiped_left,Web,Google
61,11:37:59,2024-03-29,match_made,Web,Google
182,23:16:08,2024-06-20,swiped_left,Android,Google
68,09:05:07,2024-02-23,app_opened,Android,Instagram
28,01:45:10,2024-01-01,swiped_right,Android,Direct
43,17:57:09,2024-04-15,swiped_right,Android,Referral
97,17:27:27,2024-01-26,match_made,iOS,Direct
19,10:44:14,2024-01-09,app_opened,Android,Instagram
27,12:26:41,2024-01-19,match_made,Android,Facebook
188,19:55:02,2024-01-20,app_opened,Android,Referral
158,01:07:42,2024-05-03,swiped_right,Web,Facebook
156,05:43:11,2024-04-21,app_opened,iOS,Instagram
53,14:54:05,2024-02-18,swiped_left,Web,Instagram
77,03:29:31,2024-03-01,app_opened,Android,Referral
141,05:35:31,2024-05-05,app_opened,Android,Google
110,10:43:27,2024-01-23,swiped_right,iOS,Google
7,06:13:11,2024-02-22,swiped_left,iOS,Direct
30,14:28:16,2024-03-19,swiped_right,Android,Instagram
24,19:48:39,2024-06-13,swiped_right,iOS,Instagram
98,06:47:35,2024-04-04,swiped_right,iOS,Instagram
113,09:35:24,2024-04-29,match_made,Android,Referral
16,03:31:15,2024-02-08,app_opened,Web,Instagram
139,21:28:16,2024-04-15,match_made,Web,Google
100,15:14:30,2024-05-13,swiped_right,Web,Facebook
122,02:52:28,2024-03-17,swiped_right,Web,Google
129,18:49:00,2024-05-26,match_made,iOS,Direct
45,07:42:52,2024-02-12,match_made,iOS,Google
109,15:51:07,2024-01-21,match_made,Web,Facebook
153,11:38:30,2024-03-07,app_opened,iOS,Direct
143,20:05:58,2024-04-11,swiped_left,Android,Referral
118,22:41:05,2024-01-04,swiped_right,iOS,Direct
39,20:37:44,2024-02-07,app_opened,iOS,Referral
200,10:24:58,2024-01-26,swiped_left,Android,Instagram
99,17:40:46,2024-06-16,swiped_right,iOS,Facebook
71,05:14:15,2024-04-13,swiped_right,iOS,Direct
85,08:38:59,2024-06-25,app_opened,Web,Direct
69,00:44:11,2024-04-05,swiped_left,Android,Instagram
72,03:34:33,2024-05-05,match_made,iOS,Instagram
191,11:40:56,2024-04-23,swiped_left,Web,Direct
155,03:15:03,2024-06-14,match_made,Android,Facebook
105,18:48:18,2024-05-04,swiped_left,iOS,Referral
41,11:19:39,2024-01-17,swiped_right,iOS,Referral
146,06:19:32,2024-01-08,match_made,iOS,Google
64,16:37:07,2024-01-09,app_opened,Android,Facebook
71,16:54:06,2024-04-04,swiped_right,Web,Google
175,08:48:31,2024-01-08,swiped_left,Android,Referral
115,17:16:44,2024-02-15,swiped_left,Android,Facebook
67,03:17:27,2024-06-25,swiped_left,iOS,Direct
13,20:50:07,2024-02-11,match_made,iOS,Facebook
174,09:47:49,2024-02-22,swiped_right,Web,Google
200,00:19:26,2024-06-23,swiped_right,iOS,Facebook
154,08:08:49,2024-01-03,swiped_left,Web,Instagram
183,10:01:34,2024-06-13,swiped_right,Android,Instagram
118,07:56:41,2024-03-05,swiped_right,Android,Referral
160,21:16:49,2024-04-11,app_opened,iOS,Referral
170,20:26:31,2024-04-05,swiped_left,Android,Google
124,12:14:37,2024-01-17,swiped_left,Web,Instagram
71,23:53:18,2024-03-07,swiped_left,iOS,Facebook
133,02:04:01,2024-03-02,swiped_right,Web,Instagram
175,00:55:36,2024-02-05,swiped_right,Android,Instagram
108,14:08:11,2024-04-13,app_opened,Web,Referral
49,08:05:45,2024-03-28,swiped_right,Web,Instagram
130,06:11:20,2024-03-17,match_made,Android,Google
121,09:25:02,2024-02-02,match_made,Web,Instagram
168,08:05:31,2024-01-23,swiped_left,iOS,Instagram
108,13:31:57,2024-03-25,swiped_left,Web,Instagram
119,17:07:54,2024-01-31,app_opened,Web,Referral
149,02:35:34,2024-06-07,swiped_right,iOS,Referral
31,13:53:46,2024-06-23,swiped_left,Android,Google
39,07:17:33,2024-02-05,swiped_left,Android,Referral
118,11:31:09,2024-02-06,match_made,iOS,Direct
86,06:26:16,2024-06-10,swiped_left,Web,Google
2,09:57:31,2024-04-25,match_made,iOS,Referral
196,17:49:29,2024-02-10,app_opened,iOS,Referral
112,15:38:03,2024-06-11,swiped_right,Android,Direct
99,01:22:24,2024-01-02,match_made,Web,Instagram
4,19:20:03,2024-03-23,match_made,iOS,Google
161,08:14:17,2024-03-04,swiped_left,Android,Facebook
27,18:19:33,2024-04-08,swiped_left,iOS,Google
12,10:35:19,2024-03-17,swiped_right,Web,Referral
153,12:18:00,2024-05-14,swiped_right,Web,Facebook
88,13:04:47,2024-05-05,match_made,iOS,Direct
5,08:10:02,2024-02-28,match_made,iOS,Google
151,06:09:09,2024-05-09,app_opened,Android,Google
97,09:18:46,2024-06-12,app_opened,Web,Google
170,23:47:44,2024-01-28,app_opened,iOS,Google
107,13:50:40,2024-04-23,app_opened,Web,Instagram
122,05:34:30,2024-06-28,match_made,Web,Google
78,03:40:35,2024-04-17,swiped_left,Web,Referral
180,15:14:56,2024-02-05,app_opened,Web,Referral
31,04:09:03,2024-03-13,app_opened,Android,Facebook
156,09:34:31,2024-02-21,match_made,Android,Direct
76,01:26:04,2024-02-11,swiped_right,iOS,Direct
85,00:05:58,2024-03-01,app_opened,Web,Google
29,17:59:23,2024-05-26,match_made,iOS,Referral
20,09:19:00,2024-01-26,match_made,Android,Instagram
68,01:49:24,2024-04-28,app_opened,iOS,Google
75,11:23:07,2024-04-02,swiped_right,Web,Google
25,00:21:07,2024-01-12,match_made,Web,Facebook
85,15:56:12,2024-04-01,swiped_left,Web,Google
96,06:39:29,2024-03-28,app_opened,Android,Direct
117,14:02:36,2024-03-10,swiped_right,Android,Facebook
29,02:08:06,2024-02-03,match_made,iOS,Direct
152,20:42:52,2024-05-03,swiped_right,iOS,Referral
98,22:15:31,2024-04-01,app_opened,Web,Facebook
124,04:06:42,2024-05-04,swiped_right,Android,Google
17,23:50:48,2024-03-07,swiped_left,iOS,Referral
197,20:34:17,2024-05-27,match_made,Web,Instagram
133,22:30:33,2024-05-13,app_opened,Android,Facebook
124,23:21:10,2024-03-29,swiped_right,iOS,Referral
157,00:25:26,2024-01-14,match_made,Web,Direct
127,02:43:32,2024-02-12,swiped_right,Android,Facebook
85,01:49:59,2024-03-12,match_made,Web,Direct
104,02:52:12,2024-03-01,swiped_right,Android,Referral
115,18:08:53,2024-01-23,swiped_right,Android,Google
128,00:38:49,2024-06-16,app_opened,Android,Direct
10,19:59:31,2024-05-22,app_opened,iOS,Referral
159,11:05:24,2024-06-12,match_made,Web,Direct
88,01:58:33,2024-04-03,match_made,Android,Instagram
144,21:50:36,2024-06-07,swiped_right,Web,Instagram
184,04:09:05,2024-04-25,app_opened,Web,Facebook
1,12:55:48,2024-03-28,swiped_left,Web,Referral
96,03:52:15,2024-06-28,app_opened,iOS,Direct
36,03:53:39,2024-04-14,swiped_left,Web,Facebook
49,14:18:17,2024-01-31,match_made,Android,Facebook
184,03:55:25,2024-03-27,swiped_right,iOS,Referral
32,16:39:10,2024-04-25,match_made,Android,Google
136,20:08:32,2024-01-13,swiped_right,Web,Direct
131,21:03:52,2024-02-15,match_made,Web,Facebook
27,23:56:22,2024-04-09,swiped_left,Web,Direct
108,09:02:17,2024-06-04,swiped_left,Android,Instagram
76,04:51:21,2024-04-25,match_made,Android,Referral
180,10:52:59,2024-05-11,swiped_left,Web,Referral
162,07:18:50,2024-02-25,match_made,Web,Instagram
176,04:49:49,2024-03-29,match_made,Web,Referral
178,11:44:15,2024-06-12,app_opened,Android,Referral
123,20:46:34,2024-05-29,swiped_right,Web,Referral
74,00:27:53,2024-04-18,app_opened,iOS,Direct
38,02:03:39,2024-01-14,match_made,Android,Facebook
74,09:07:21,2024-06-23,match_made,iOS,Instagram
53,01:10:34,2024-05-18,swiped_left,Android,Google
158,20:27:27,2024-06-21,match_made,Web,Referral
100,18:36:07,2024-03-01,swiped_left,Web,Google
98,15:10:00,2024-04-09,swiped_left,Web,Google
4,07:23:39,2024-03-05,swiped_right,iOS,Instagram
194,19:54:05,2024-05-30,match_made,Web,Facebook
76,06:27:35,2024-04-24,app_opened,iOS,Facebook
189,04:20:43,2024-05-11,swiped_right,iOS,Direct
72,09:37:14,2024-05-22,match_made,iOS,Referral
66,12:02:07,2024-01-02,swiped_right,Web,Facebook
11,11:44:47,2024-02-09,app_opened,Web,Referral
170,17:51:37,2024-03-18,swiped_left,iOS,Instagram
135,06:41:40,2024-02-26,app_opened,Web,Facebook
107,19:33:10,2024-05-19,swiped_right,iOS,Instagram
57,12:05:00,2024-02-24,swiped_left,Android,Instagram
56,19:18:53,2024-06-07,swiped_right,Web,Google
30,12:35:51,2024-06-20,swiped_right,iOS,Referral
160,01:27:06,2024-03-03,swiped_left,Android,Google
99,19:40:09,2024-03-06,swiped_left,iOS,Referral
198,18:43:31,2024-04-05,swiped_right,Android,Google
76,07:00:32,2024-06-15,swiped_left,Web,Google
25,19:35:13,2024-02-12,app_opened,Web,Google
54,22:55:11,2024-06-20,match_made,Web,Direct
27,19:34:44,2024-02-22,swiped_right,Web,Google
192,05:35:52,2024-06-24,app_opened,Android,Instagram
10,02:40:00,2024-01-23,app_opened,iOS,Instagram
143,20:56:01,2024-01-19,match_made,Android,Direct
100,22:56:43,2024-04-25,swiped_right,Android,Instagram
5,04:18:26,2024-04-09,app_opened,Web,Referral
17,01:39:25,2024-05-29,app_opened,Android,Referral
28,10:58:18,2024-03-15,app_opened,Android,Direct
98,01:07:19,2024-04-11,swiped_right,iOS,Referral
57,14:14:08,2024-02-04,swiped_left,Web,Facebook
77,23:35:26,2024-06-22,swiped_left,iOS,Referral
143,04:29:12,2024-02-06,app_opened,iOS,Referral
153,19:33:25,2024-04-10,app_opened,Android,Facebook
192,07:42:32,2024-03-29,swiped_right,Web,Referral
37,06:41:56,2024-02-11,match_made,Web,Instagram
50,06:36:10,2024-01-30,app_opened,Web,Direct
166,02:39:47,2024-05-20,swiped_left,Web,Google
65,07:11:15,2024-01-26,swiped_right,Android,Instagram
33,23:51:54,2024-06-20,match_made,iOS,Instagram
159,07:02:42,2024-01-18,swiped_left,Android,Direct
85,11:07:45,2024-06-06,match_made,Web,Referral
94,15:35:39,2024-03-21,match_made,iOS,Instagram
64,23:19:55,2024-02-26,swiped_right,Android,Instagram
35,12:04:18,2024-06-22,swiped_right,Android,Direct
92,17:43:48,2024-03-19,app_opened,iOS,Referral
21,05:05:50,2024-03-12,match_made,Android,Google
187,00:40:41,2024-01-20,app_opened,Web,Referral
104,07:44:46,2024-05-31,app_opened,Web,Instagram
140,17:11:19,2024-05-18,match_made,Android,Direct
58,10:35:41,2024-05-30,match_made,Android,Referral
131,14:26:47,2024-01-24,swiped_left,Web,Google
170,22:21:22,2024-03-02,match_made,Web,Facebook
115,06:31:20,2024-02-10,match_made,Web,Direct
92,07:58:01,2024-01-11,swiped_right,iOS,Google
68,08:31:13,2024-04-04,app_opened,Web,Facebook
133,14:07:48,2024-04-02,swiped_right,Android,Google
11,11:47:56,2024-06-15,app_opened,Web,Referral
163,09:35:13,2024-03-11,match_made,Android,Direct
94,23:47:14,2024-05-30,app_opened,Web,Instagram
97,18:48:01,2024-02-27,swiped_right,Android,Instagram
125,21:59:55,2024-05-03,app_opened,Web,Facebook
113,08:22:25,2024-02-12,app_opened,Web,Instagram
55,06:48:18,2024-02-08,match_made,Android,Referral
184,08:23:11,2024-01-31,swiped_right,Android,Google
124,17:25:59,2024-06-21,swiped_right,iOS,Referral
42,14:57:37,2024-06-14,app_opened,iOS,Google
33,21:34:00,2024-05-26,match_made,iOS,Referral
11,05:20:49,2024-05-26,app_opened,iOS,Instagram
47,14:45:43,2024-05-12,app_opened,Web,Instagram
22,16:21:17,2024-02-25,swiped_right,Android,Facebook
57,21:52:33,2024-04-15,match_made,Web,Facebook
160,18:35:52,2024-06-17,swiped_left,iOS,Instagram
117,21:30:10,2024-06-01,app_opened,iOS,Direct
99,03:57:10,2024-02-03,app_opened,iOS,Referral
130,15:17:03,2024-06-24,match_made,Web,Google
46,22:22:56,2024-05-01,app_opened,Web,Referral
193,03:23:34,2024-01-31,swiped_right,Web,Facebook
155,00:02:37,2024-05-18,swiped_right,Web,Direct
95,19:17:24,2024-01-12,swiped_right,iOS,Direct
197,12:45:43,2024-04-07,app_opened,Android,Facebook
66,08:27:55,2024-05-02,app_opened,Android,Referral
140,09:23:11,2024-04-14,match_made,iOS,Google
148,04:17:24,2024-05-13,app_opened,Android,Facebook
177,14:53:08,2024-03-21,swiped_left,iOS,Facebook
110,21:18:45,2024-06-15,swiped_left,Android,Referral
109,13:18:45,2024-05-24,swiped_left,Web,Direct
194,15:02:42,2024-02-22,swiped_right,iOS,Instagram
144,17:36:47,2024-05-22,swiped_left,Android,Referral
89,14:29:43,2024-06-29,match_made,Web,Google
192,16:15:36,2024-02-28,match_made,iOS,Facebook
131,12:19:19,2024-04-12,app_opened,iOS,Direct
163,03:18:59,2024-01-02,match_made,Android,Referral
112,02:19:59,2024-01-23,swiped_left,iOS,Instagram
21,01:22:28,2024-06-04,swiped_right,Android,Referral
168,10:25:48,2024-05-13,app_opened,iOS,Direct
113,07:20:38,2024-01-03,swiped_left,iOS,Google
154,18:46:48,2024-05-10,match_made,Web,Facebook
173,13:05:51,2024-01-10,match_made,Web,Google
41,10:02:47,2024-01-23,swiped_right,Android,Direct
104,07:17:35,2024-05-30,app_opened,Web,Google
24,10:21:29,2024-05-20,swiped_left,Android,Instagram
58,07:04:56,2024-06-04,swiped_right,Android,Referral
2,06:22:22,2024-03-07,swiped_right,Web,Google
144,18:19:11,2024-01-19,swiped_left,Android,Google
132,19:35:04,2024-03-06,swiped_left,Web,Direct
97,17:36:30,2024-05-24,match_made,Android,Direct
175,21:21:56,2024-04-27,app_opened,Android,Google
67,13:55:57,2024-01-18,match_made,Web,Facebook
81,12:51:21,2024-04-15,app_opened,Web,Instagram
64,03:23:10,2024-03-14,swiped_right,Web,Instagram
20,06:29:54,2024-05-21,swiped_right,Android,Instagram
56,09:47:48,2024-05-26,match_made,Web,Facebook
128,08:33:03,2024-02-21,match_made,Android,Facebook
59,09:05:28,2024-02-21,swiped_left,iOS,Google
31,17:56:14,2024-01-21,app_opened,Web,Google
124,22:35:52,2024-04-05,swiped_left,Android,Referral
71,06:39:29,2024-05-05,swiped_left,Android,Facebook
193,04:40:09,2024-05-27,app_opened,Web,Direct
123,01:11:08,2024-05-18,swiped_left,Android,Facebook
118,18:52:02,2024-01-31,swiped_right,Android,Google
4,07:40:23,2024-06-21,swiped_right,Web,Google
84,22:18:38,2024-04-02,swiped_left,iOS,Referral
68,09:48:31,2024-03-01,swiped_right,Web,Instagram
94,18:09:34,2024-02-17,swiped_right,iOS,Direct
180,13:17:31,2024-04-05,swiped_right,Android,Direct
47,04:46:28,2024-05-26,match_made,iOS,Instagram
61,15:44:11,2024-05-22,swiped_right,iOS,Facebook
190,17:13:15,2024-02-08,app_opened,iOS,Direct
128,22:57:40,2024-02-04,swiped_left,Android,Instagram
65,20:40:27,2024-05-23,app_opened,Android,Google
177,02:11:09,2024-02-11,match_made,Android,Direct
162,16:22:43,2024-01-25,swiped_left,Android,Instagram
93,20:17:51,2024-05-23,swiped_left,Android,Google
106,12:46:58,2024-02-01,match_made,Web,Referral
167,19:36:14,2024-06-15,match_made,Android,Instagram
84,18:35:04,2024-06-21,swiped_right,Web,Direct
21,22:20:34,2024-04-07,swiped_left,Android,Facebook
43,12:17:02,2024-06-12,swiped_right,Web,Referral
147,02:35:51,2024-04-13,app_opened,iOS,Instagram
59,11:32:13,2024-03-21,swiped_left,Web,Instagram
155,14:23:53,2024-06-14,swiped_left,Android,Instagram
192,18:58:00,2024-05-30,swiped_right,Android,Facebook
48,04:33:09,2024-01-06,match_made,Web,Instagram
191,02:54:54,2024-06-28,match_made,iOS,Direct
27,02:19:21,2024-01-25,swiped_right,Web,Google
7,19:04:39,2024-04-11,app_opened,iOS,Instagram
159,03:04:10,2024-02-09,swiped_right,Android,Facebook
64,16:08:05,2024-03-13,match_made,iOS,Referral
44,01:16:47,2024-01-08,swiped_left,Android,Direct
120,09:55:05,2024-05-18,swiped_right,iOS,Referral
46,21:45:26,2024-05-31,swiped_right,Web,Referral
112,23:17:38,2024-05-14,swiped_left,Android,Direct
139,03:15:38,2024-02-28,swiped_right,Android,Instagram
106,05:40:10,2024-03-07,swiped_left,iOS,Google
134,12:31:13,2024-02-04,swiped_left,Android,Referral
3,17:54:38,2024-06-25,swiped_right,Android,Google
197,10:39:53,2024-04-20,match_made,iOS,Referral
96,14:59:27,2024-02-18,swiped_right,Android,Facebook
42,14:11:21,2024-06-14,swiped_right,iOS,Instagram
21,22:46:02,2024-04-18,match_made,Web,Referral
178,09:53:53,2024-06-24,swiped_left,Web,Referral
69,06:50:41,2024-04-15,app_opened,iOS,Facebook
75,23:11:18,2024-01-29,swiped_right,Web,Direct
70,22:40:25,2024-06-28,swiped_right,iOS,Instagram
5,01:48:25,2024-02-08,app_opened,iOS,Google
73,04:33:09,2024-03-09,swiped_right,Web,Google
60,05:29:10,2024-01-24,app_opened,Android,Facebook
88,11:20:38,2024-04-17,swiped_right,Android,Direct
179,12:01:26,2024-01-09,app_opened,iOS,Google
69,02:35:56,2024-04-10,swiped_right,iOS,Facebook
65,00:27:33,2024-04-07,app_opened,Web,Facebook
99,08:59:56,2024-04-23,app_opened,iOS,Direct
189,18:58:26,2024-01-25,match_made,Android,Direct
175,11:45:44,2024-03-20,match_made,Web,Google
191,18:57:58,2024-05-20,app_opened,Android,Direct
164,07:14:07,2024-03-17,swiped_left,iOS,Facebook
29,23:02:36,2024-03-01,swiped_right,Android,Google
43,21:17:17,2024-03-11,app_opened,Android,Facebook
3,21:09:22,2024-01-11,swiped_right,Web,Referral
40,03:15:28,2024-04-05,match_made,iOS,Direct
24,22:31:27,2024-06-24,swiped_left,Web,Google
16,23:28:05,2024-04-01,match_made,Web,Referral
28,17:45:42,2024-02-02,match_made,Android,Referral
166,15:58:23,2024-03-29,match_made,iOS,Direct
92,09:07:39,2024-02-04,app_opened,Android,Direct
144,19:45:37,2024-03-16,swiped_right,iOS,Referral
48,12:39:29,2024-05-19,swiped_left,Web,Direct
71,20:11:22,2024-06-02,match_made,iOS,Referral
40,10:45:54,2024-04-25,swiped_left,Web,Instagram
117,23:13:47,2024-01-01,swiped_right,Web,Facebook
5,13:15:20,2024-06-07,match_made,Android,Google
169,14:06:29,2024-05-17,match_made,Web,Direct
197,05:36:42,2024-05-21,swiped_left,Android,Direct
165,04:01:18,2024-03-23,app_opened,Web,Google
12,06:30:14,2024-02-03,app_opened,iOS,Google
125,03:35:43,2024-02-19,app_opened,Web,Direct
169,19:08:40,2024-05-05,swiped_left,iOS,Instagram
57,02:34:49,2024-06-04,app_opened,iOS,Direct
21,23:15:44,2024-04-29,app_opened,Android,Referral
191,13:26:14,2024-04-16,app_opened,Web,Instagram
136,02:33:45,2024-01-11,swiped_left,iOS,Facebook
133,03:41:07,2024-01-25,match_made,Web,Direct
49,19:09:29,2024-02-19,match_made,Web,Facebook
143,15:06:59,2024-05-22,app_opened,Web,Referral
92,16:42:05,2024-06-21,swiped_right,iOS,Facebook
47,14:37:12,2024-05-20,swiped_left,Web,Facebook
137,16:07:46,2024-06-02,swiped_left,Android,Referral
84,15:00:46,2024-04-05,swiped_right,Web,Instagram
156,20:30:12,2024-03-02,match_made,Android,Referral
191,13:06:27,2024-03-06,swiped_right,Android,Direct
